-- SQLite
-- VSCode SQLite 插件

-- .help
.help

-- .show
.show

-- 列出附加数据库的名称和文件
.databases

-- 创建数据库
.open testDB.db

-- 导出数据库到文本文件中
.dump > testDB.sql

-- 恢复
-- sqlite3 testDB.db < testDB.sql

-- 附加数据库
-- ATTACH DATABASE 'testDB.db' as 'TEST';

-- 分离数据库
-- DETACH DATABASE 'TEST'


-- 创建表
/*
*
* CREATE TABLE database_name.table_name(
*   column1 datatype  PRIMARY KEY(one or more columns),
*   column2 datatype,
*   column3 datatype,
*   .....
*   columnN datatype,
* ); 
*
*/
CREATE TABLE IF NOT EXISTS COMPANY(
    ID INT PRIMARY KEY NOT NULL,
    NAME TEXT NOT NULL,
    AGE INT NOT NULL,
    ADDRESS CHAR(50),
    SALARY REAL
);

CREATE TABLE IF NOT EXISTS DEPARTMENT(
    ID INT PRIMARY KEY NOT NULL,
    DEPT CHAR(50) NOT NULL,
    EMP_ID INT NOT NULL
);

-- 查看表
.tables

-- 查看表的完整信息
.schema COMPANY
.schema DEPARTMENT

-- 删除表
-- DROP TABLE database_name.table_name;
.tables
DROP TABLE COMPANY;
.tables;


-- INSERT
INSERT INTO COMPANY(ID, NAME, AGE, ADDRESS, SALARY)
VALUES (1, 'Paual', 32, 'California', 20000.00);

INSERT INTO COMPANY(ID, NAME, AGE, ADDRESS, SALARY)
VALUES (2, 'Allen', 25, 'Texas', 15000.00);

INSERT INTO COMPANY(ID, NAME, AGE, ADDRESS, SALARY) 
VALUES (3, 'Teddy', 24, 'Norway', 20000.00);

INSERT INTO COMPANY(ID, NAME, AGE, ADDRESS, SALARY) 
VALUES (4, 'Mark', 25, 'Rich-Mond', 65000.00);

INSERT INTO COMPANY(ID, NAME, AGE, ADDRESS, SALARY)
VALUES (5, 'David', 27, 'Texas', 85000.00);

INSERT INTO COMPANY(ID, NAME, AGE, ADDRESS, SALARY)
VALUES (6, 'Kim', 22, 'South-Hall', 45000.00);

INSERT INTO COMPANY VALUES(7, 'James', 24, 'Houston', 10000.00);

-- SELECT 
SELECT * FROM COMPANY;

-- 使用一个表来填充另一个表
CREATE TABLE IF NOT EXISTS COMPANY2(
    ID INT PRIMARY KEY NOT NULL,
    NAME TEXT NOT NULL,
    AGE INT NOT NULL,
    ADDRESS CHAR(50),
    SALARY REAL
);
.tables

SELECT * FROM COMPANY;

INSERT INTO COMPANY2(ID, NAME, AGE, ADDRESS, SALARY)
SELECT ID, NAME, AGE, ADDRESS, SALARY
FROM COMPANY;

SELECT * FROM COMPANY2;

-- SELECT
-- SELECT column1, column2, columnN FROM table_name;

-- 设置格式化输出
-- .header on
-- .mode column
-- 设置输出列的宽度
-- .width 10, 20, 10

SELECT * FROM COMPANY;
SELECT * FROM DEPARTMENT;
SELECT * FROM COMPANY2;

SELECT ID, NAME, SALARY FROM COMPANY;
SELECT ID, NAME, SALARY FROM COMPANY2;

-- SCHEMA 信息
SELECT sql FROM sqlite_master WHERE type = 'table' AND tbl_name = 'COMPANY';


-- 运算符
-- 算术运算符
.mode line
select 10 + 20;

select 10 -20;

select 10 * 20;

select 10 / 5;

select 12 % 5;


-- 比较运算符
-- 0: false  1: true
.mode line
select 10 == 20;
select 10 = 20;
select 10 != 20;
select 10 <> 20;
select 10 > 20;
select 10 < 20;
select 10 >= 20;
select 10 <= 20;

-- SALARY 大于 50000.00 的数据
SELECT * FROM COMPANY WHERE SALARY > 50000.00;

-- SALARY 等于 20000.00 的数据
SELECT * FROM COMPANY WHERE SALARY = 20000.00;
SELECT * FROM COMPANY WHERE SALARY == 20000.00;

-- SALARY 不等于 20000.00 的数据
SELECT * FROM COMPANY WHERE SALARY != 20000.00;
SELECT * FROM COMPANY WHERE SALARY <> 20000.00;

-- SALARY 大于等于 65000.00 的数据
SELECT * FROM COMPANY WHERE SALARY >= 65000.00;


-- 逻辑运算符
-- AGE 大于等于 25 且 SALARY 大于等于 65000.00 的数据
SELECT * FROM COMPANY WHERE AGE >= 25 AND SALARY >= 65000.00;

-- AGE 大于等于 25 或 SALARY 大于等于 65000.00 的数据
SELECT * FROM COMPANY WHERE AGE >= 25 OR SALARY >= 65000.00;

-- AGE 不为 NULL 的数据
SELECT * FROM COMPANY WHERE AGE IS NOT NULL;

-- NAME 以 Ki 开头的数据
SELECT * FROM COMPANY WHERE NAME LIKE 'Ki%';

-- NAME 以 Ki 开头, 'Ki' 之后的字符不做限制
SELECT * FROM COMPANY WHERE NAME GLOB 'Ki*';

-- AGE 为 25 或者 27 的数据
SELECT * FROM COMPANY WHERE AGE = 25 OR AGE = 27;
SELECT * FROM COMPANY WHERE AGE IN (25, 27);

-- AGE 既不是 25 也不是 27 的数据
SELECT * FROM COMPANY WHERE AGE != 25 AND AGE != 27;
SELECT * FROM COMPANY WHERE AGE NOT IN (25, 27);

-- AGE 的值 在25 与 27之间的数据
SELECT * FROM COMPANY WHERE AGE >= 25 AND AGE <= 27;
SELECT * FROM COMPANY WHERE AGE BETWEEN 25 AND 27;

-- 子查询
SELECT AGE FROM COMPANY WHERE EXISTS (SELECT AGE FROM COMPANY WHERE SALARY >= 65000);

-- 子查询: 查询 SALARY 大于 65000 的人年纪. 把结果当中 where 条件, 查询年级大于子查询结果的数据
SELECT * FROM COMPANY WHERE AGE > (SELECT AGE FROM COMPANY WHERE SALARY > 65000);


-- 位运算符
.mode line
select 60 | 13;

select 60 & 13;

select (~60);

select (60 << 2);

select (60 >> 2);


-- 表达式
-- 布尔表达式 在匹配单个值的基础上获取数据
SELECT * FROM COMPANY WHERE SALARY = 20000.00;

-- 数值表达式
SELECT (20 + 5) AS ADDITION;

-- 日期表达式
SELECT CURRENT_TIMESTAMP; -- UTC 
SELECT strftime('%Y-%m-%d %H:%M:%S', 'now', 'utc');

SELECT DATETIME('now', 'localtime');  -- 本地时区时间


-- WHERE 子句
--  AGE 大于等于 25 且工资大于等于 65000.00 的所有记录
SELECT * FROM COMPANY WHERE AGE >= 25 AND SALARY >= 65000.00;

-- AGE 大于等于 25 或工资大于等于 65000.00 的所有记录
SELECT * FROM COMPANY WHERE AGE >= 25 OR SALARY >= 65000.00;

-- AGE 不为 NULL 的所有记录
SELECT * FROM COMPANY WHERE AGE IS NOT NULL;
SELECT * FROM COMPANY WHERE AGE NOT NULL;

-- 列出 NAME 以 'Ki' 开始的所有记录，'Ki' 之后的字符不做限制
SELECT * FROM COMPANY WHERE NAME GLOB 'Ki*';
SELECT * FROM COMPANY WHERE NAME LIKE 'Ki%';

-- AGE 的值为 25 或 27 的所有记录
SELECT * FROM COMPANY WHERE AGE IN (25, 27);
SELECT * FROM COMPANY WHERE AGE = 25 OR AGE = 27;

-- AGE 的值为 25 或 27 的所有记录
SELECT * FROM COMPANY WHERE AGE NOT IN (25, 27);
SELECT * FROM COMPANY WHERE AGE != 25 AND AGE != 27;

-- AGE 的值在 25 与 27 之间的所有记录
SELECT * FROM COMPANY WHERE AGE BETWEEN 25 AND 27;
SELECT * FROM COMPANY WHERE AGE >= 25 AND AGE <= 27;

-- 子查询查找 SALARY > 65000 的带有 AGE 字段的所有记录，后边的 WHERE 子句与 EXISTS 运算符一起使用，列出了外查询中的 AGE 存在于子查询返回的结果中的所有记录
SELECT * FROM COMPANY WHERE EXISTS (SELECT AGE FROM COMPANY WHERE SALARY > 65000.00);



-- UPDATE
/*
UPDATE table_name
SET column1 = value1, column2 = value2...., columnN = valueN
WHERE [condition];
*/
-- 更新 ID 为 6 的客户地址
SELECT * FROM COMPANY WHERE ID = 6;
UPDATE COMPANY SET ADDRESS='new_address' WHERE ID = 6;
SELECT * FROM COMPANY WHERE ID = 6;
UPDATE COMPANY SET ADDRESS='South-Hall' WHERE ID = 6;
SELECT * FROM COMPANY WHERE ID = 6;

-- DELETE
/*
DELETE FROM table_name
WHERE [condition];
*/
SELECT * FROM COMPANY;
SELECT COUNT(1) FROM COMPANY;
DELETE FROM COMPANY WHERE ID = 7;
INSERT INTO COMPANY VALUES(7, 'James', 24, 'Houston', 10000.00);
SELECT * FROM COMPANY;
SELECT COUNT(1) FROM COMPANY;


-- LIKE
/*
WHERE SALARY LIKE '200%'	查找以 200 开头的任意值
WHERE SALARY LIKE '%200%'	查找任意位置包含 200 的任意值
WHERE SALARY LIKE '_00%'	查找第二位和第三位为 00 的任意值
WHERE SALARY LIKE '2_%_%'	查找以 2 开头，且长度至少为 3 个字符的任意值
WHERE SALARY LIKE '%2'	查找以 2 结尾的任意值
WHERE SALARY LIKE '_2%3'	查找第二位为 2，且以 3 结尾的任意值
WHERE SALARY LIKE '2___3'	查找长度为 5 位数，且以 2 开头以 3 结尾的任意值
*/
SELECT * FROM COMPANY WHERE SALARY LIKE '200%';
SELECT * FROM COMPANY WHERE SALARY LIKE '%200%';
SELECT * FROM COMPANY WHERE SALARY LIKE '_00%';
SELECT * FROM COMPANY WHERE SALARY LIKE '2_%_%';
SELECT * FROM COMPANY WHERE SALARY LIKE '%2';
SELECT * FROM COMPANY WHERE SALARY LIKE '_2%3';
SELECT * FROM COMPANY WHERE SALARY LIKE '2__3';


-- GLOB
/*
WHERE SALARY GLOB '200*'	查找以 200 开头的任意值
WHERE SALARY GLOB '*200*'	查找任意位置包含 200 的任意值
WHERE SALARY GLOB '?00*'	查找第二位和第三位为 00 的任意值
WHERE SALARY GLOB '2??'	查找以 2 开头，且长度为 3 个字符的任意值，例如，它可能匹配 "200"、"2A1"、"2B2" 等值。
WHERE SALARY GLOB '*2'	查找以 2 结尾的任意值
WHERE SALARY GLOB '?2*3'	查找第二位为 2，且以 3 结尾的任意值
WHERE SALARY GLOB '2???3'	查找长度为 5 位数，且以 2 开头以 3 结尾的任意值
*/
SELECT * FROM COMPANY WHERE SALARY GLOB '200*';
SELECT * FROM COMPANY WHERE SALARY GLOB '*200*';
SELECT * FROM COMPANY WHERE SALARY GLOB '?00*';
SELECT * FROM COMPANY WHERE SALARY GLOB '2??';
SELECT * FROM COMPANY WHERE SALARY GLOB '*2';
SELECT * FROM COMPANY WHERE SALARY GLOB '?2*3';
SELECT * FROM COMPANY WHERE SALARY GLOB '2???3';

-- LIMIT
SELECT * FROM COMPANY LIMIT 2;
SELECT * FROM COMPANY LIMIT 2 OFFSET 2;

-- ORDER BY
SELECT * FROM COMPANY ORDER BY ID DESC;
SELECT * FROM COMPANY ORDER BY SALARY DESC;
SELECT * FROM COMPANY ORDER BY SALARY ASC;

-- GROUP BY
INSERT INTO COMPANY VALUES (8, 'Paul', 24, 'Houston', 20000.00 );
INSERT INTO COMPANY VALUES (9, 'James', 44, 'Norway', 5000.00 );
INSERT INTO COMPANY VALUES (10, 'James', 45, 'Texas', 5000.00 );

SELECT NAME, SUM(SALARY) FROM COMPANY GROUP BY NAME;

SELECT NAME, SUM(SALARY) FROM COMPANY GROUP BY NAME ORDER BY NAME;

-- HAVING
SELECT * FROM COMPANY GROUP BY name HAVING count(name) > 2;

-- DISTINCT
SELECT * FROM COMPANY;
SELECT DISTINCT NAME FROM COMPANY;


-- JOIN
INSERT INTO DEPARTMENT (ID, DEPT, EMP_ID)
VALUES (1, 'IT Billing', 1 );

INSERT INTO DEPARTMENT (ID, DEPT, EMP_ID)
VALUES (2, 'Engineering', 2 );

INSERT INTO DEPARTMENT (ID, DEPT, EMP_ID)
VALUES (3, 'Finance', 7 );

SELECT * FROM COMPANY;
SELECT * FROM DEPARTMENT;

SELECT EMP_ID, NAME, DEPT FROM COMPANY CROSS JOIN DEPARTMENT;

SELECT EMP_ID, NAME, DEPT FROM COMPANY INNER JOIN DEPARTMENT
        ON COMPANY.ID = DEPARTMENT.EMP_ID;


SELECT EMP_ID, NAME, DEPT FROM COMPANY LEFT OUTER JOIN DEPARTMENT
        ON COMPANY.ID = DEPARTMENT.EMP_ID;

    
-- UNIONS
SELECT EMP_ID, NAME, DEPT FROM COMPANY INNER JOIN DEPARTMENT
        ON COMPANY.ID = DEPARTMENT.EMP_ID
UNION
SELECT EMP_ID, NAME, DEPT FROM COMPANY LEFT OUTER JOIN DEPARTMENT
        ON COMPANY.ID = DEPARTMENT.EMP_ID;


-- NULL
UPDATE COMPANY2 SET ADDRESS = NULL, SALARY = NULL where ID IN(6,7);
SELECT * FROM COMPANY2;

SELECT * FROM COMPANY2 WHERE SALARY IS NOT NULL;

SELECT * FROM COMPANY2 WHERE SALARY IS NULL;

-- ALIAS
SELECT SALARY AS 工资 FROM COMPANY;

SELECT C.ID, C.NAME, C.AGE FROM COMPANY AS C, DEPARTMENT AS D WHERE C.ID = D.EMP_ID;

SELECT C.ID AS COMPANY_ID, C.NAME AS COMPANY_NAME, C.AGE FROM COMPANY AS C, DEPARTMENT AS D WHERE C.ID = D.EMP_ID;


-- 触发器 Trigger
CREATE TABLE IF NOT EXISTS COMPANY3(
   ID INT PRIMARY KEY     NOT NULL,
   NAME           TEXT    NOT NULL,
   AGE            INT     NOT NULL,
   ADDRESS        CHAR(50),
   SALARY         REAL
);

CREATE TABLE AUDIT(
    EMP_ID INT NOT NULL,
    ENTRY_DATE TEXT NOT NULL
);

.tables

CREATE TRIGGER audit_log AFTER INSERT ON COMPANY3
BEGIN
    INSERT INTO AUDIT(EMP_ID, ENTRY_DATE) VALUES (new.ID, datetime('now'));
END;


INSERT INTO COMPANY3 (ID, NAME, AGE, ADDRESS, SALARY)
VALUES(12, 'Paul', 32, 'California', 20000.00);

SELECT * FROM COMPANY3;

SELECT * FROM AUDIT;


SELECT NAME FROM sqlite_master WHERE TYPE = 'trigger';

SELECT NAME FROM sqlite_master WHERE TYPE = 'trigger' AND tbl_name = 'COMPANY3';

DROP TRIGGER audit_log;



-- 索引
CREATE INDEX salary_index ON COMPANY (salary);

.schema COMPANY

.indices COMPANY
.indexes COMPANY

SELECT * FROM sqlite_master WHERE type = 'index';

-- DROP INDEX salary_index


-- INDEXED BY
-- CREATE INDEX salary_index ON COMPANY(salary);

SELECT * FROM COMPANY INDEXED BY salary_index WHERE salary > 5000;


-- ALTER
-- ALTER TABLE DATABASE.TABLE_NAME RENAME T0 NEW_TABLE_NAME
-- ALTER TABLE DATABASE.TABLE_NAME ADD COLUMN COLUMN_DEF...

ALTER TABLE COMPANY RENAME TO OLD_COMPANY;
.tables
ALTER TABLE OLD_COMPANY RENAME TO COMPANY;
.tables

.schema COMPANY
ALTER TABLE COMPANY ADD COLUMN SEX char(1);
.schema COMPANY
SELECT * FROM COMPANY;


-- VIEW
CREATE VIEW COMPANY_VIEW AS SELECT ID, NAME, AGE FROM COMPANY;

SELECT * FROM COMPANY_VIEW;

-- 删除视图
DROP VIEW COMPANY_VIEW;


-- 事务
BEGIN;
DELETE FROM COMPANY WHERE AGE = 25;
ROLLBACK;
SELECT * FROM COMPANY;

BEGIN;
DELETE FROM COMPANY WHERE AGE = 25;
COMMIT;
SELECT * FROM COMPANY;


-- AUTOINCREMENT
CREATE TABLE IF NOT EXISTS COMPANY4(
   ID INTEGER PRIMARY KEY   AUTOINCREMENT,
   NAME           TEXT      NOT NULL,
   AGE            INT       NOT NULL,
   ADDRESS        CHAR(50),
   SALARY         REAL
);
.tables

INSERT INTO COMPANY4 (NAME,AGE,ADDRESS,SALARY)
VALUES ( 'Paul', 32, 'California', 20000.00 );

INSERT INTO COMPANY4 (NAME,AGE,ADDRESS,SALARY)
VALUES ('Allen', 25, 'Texas', 15000.00 );

INSERT INTO COMPANY4 (NAME,AGE,ADDRESS,SALARY)
VALUES ('Teddy', 23, 'Norway', 20000.00 );

INSERT INTO COMPANY4 (NAME,AGE,ADDRESS,SALARY)
VALUES ( 'Mark', 25, 'Rich-Mond ', 65000.00 );

INSERT INTO COMPANY4 (NAME,AGE,ADDRESS,SALARY)
VALUES ( 'David', 27, 'Texas', 85000.00 );

INSERT INTO COMPANY4 (NAME,AGE,ADDRESS,SALARY)
VALUES ( 'Kim', 22, 'South-Hall', 45000.00 );

INSERT INTO COMPANY4 (NAME,AGE,ADDRESS,SALARY)
VALUES ( 'James', 24, 'Houston', 10000.00 );

SELECT * FROM COMPANY4;


-- EXPLAIN
EXPLAIN SELECT *  FROM COMPANY  WHERE Salary >= 20000;

-- 日期 & 时间
SELECT DATE('now');
SELECT date('now','start of month','+1 month','-1 day');
SELECT datetime(1092941466, 'unixepoch');
SELECT datetime(1092941466, 'unixepoch', 'localtime');
SELECT strftime('%s','now');
SELECT julianday('now') - julianday('1776-07-04');
SELECT strftime('%s','now') - strftime('%s','2004-01-01 02:34:56');
SELECT date('now','start of year','+9 months','weekday 2');
SELECT (julianday('now') - 2440587.5)*86400.0;
SELECT time('12:00', 'localtime');
SELECT time('12:00', 'utc');

-- 常用函数
SELECT COUNT(*) FROM COMPANY;
SELECT MAX(SALARY) FROM COMPANY;
SELECT MIN(SALARY) FROM COMPANY;
SELECT AVG(SALARY) FROM COMPANY;
SELECT SUM(SALARY) FROM COMPANY;
SELECT RANDOM() AS RANDOM;
SELECT upper(name) FROM COMPANY;
SELECT lower(name) FROM COMPANY;
SELECT name, length(name) FROM COMPANY;
SELECT sqlite_version() AS 'SQLite Version';
